resultId;raceId;driverId;constructorId;Name;date;number;grid;position;positionText;positionOrder;points;PointsAfterRace;laps;time;milliseconds;fastestLap;rank;fastestLapTime;fastestLapSpeed;statusId
24966;1052;1;131;Bahrain;28/3/2021;44;2;1;1;1;25;25;56;1:32:03.897;5523897;44;4;1:34.015;207.235;1
24967;1052;830;9;Bahrain;28/3/2021;33;1;2;2;2;18;18;56;+0.745;5524642;41;2;1:33.228;208.984;1
25348;1051;4;214;Qatar ;21/11/2021;14;3;3;3;3;15;0;57;+59.457;5127928;48;10;1:26.682;223.437;1
25349;1051;815;9;Qatar ;21/11/2021;11;11;4;4;4;12;0;57;+1:02.306;5130777;49;3;1:25.613;226.227;1
25350;1051;839;214;Qatar ;21/11/2021;31;9;5;5;5;10;0;57;+1:20.570;5149041;46;13;1:27.061;222.464;1
25351;1051;840;117;Qatar ;21/11/2021;18;12;6;6;6;8;0;57;+1:21.274;5149745;44;17;1:27.356;221.713;1
25352;1051;832;6;Qatar ;21/11/2021;55;5;7;7;7;6;0;57;+1:21.911;5150382;46;9;1:26.570;223.726;1
25353;1051;844;6;Qatar ;21/11/2021;16;13;8;8;8;4;0;57;+1:23.126;5151597;46;8;1:26.555;223.765;1
25354;1051;846;1;Qatar ;21/11/2021;4;4;9;9;9;2;0;56;\N;\N;51;4;1:25.746;225.876;11
25355;1051;20;117;Qatar ;21/11/2021;5;10;10;10;10;1;0;56;\N;\N;53;7;1:26.434;224.078;11
25356;1051;842;213;Qatar ;21/11/2021;10;2;11;11;11;0;0;56;\N;\N;46;11;1:27.019;222.572;11
25357;1051;817;1;Qatar ;21/11/2021;3;14;12;12;12;0;0;56;\N;\N;50;14;1:27.198;222.115;11
25358;1051;852;213;Qatar ;21/11/2021;22;8;13;13;13;0;0;56;\N;\N;50;12;1:27.043;222.510;11
25359;1051;8;51;Qatar ;21/11/2021;7;16;14;14;14;0;0;56;\N;\N;53;6;1:26.358;224.275;11
25360;1051;841;51;Qatar ;21/11/2021;99;18;15;15;15;0;0;56;\N;\N;40;18;1:27.823;220.534;11
25361;1051;854;210;Qatar ;21/11/2021;47;19;16;16;16;0;0;56;\N;\N;46;19;1:28.412;219.065;11
25362;1051;847;3;Qatar ;21/11/2021;63;15;17;17;17;0;0;55;\N;\N;55;5;1:25.768;225.818;12
25363;1051;853;210;Qatar ;21/11/2021;9;20;18;18;18;0;0;55;\N;\N;55;16;1:27.340;221.754;12
25364;1051;849;3;Qatar ;21/11/2021;6;17;\N;R;19;0;0;50;\N;\N;44;20;1:28.732;218.275;29
25365;1051;822;131;Qatar ;21/11/2021;77;6;\N;R;20;0;0;48;\N;\N;39;15;1:27.246;221.992;137
24968;1052;822;131;Bahrain;28/3/2021;77;3;3;3;3;16;0;56;+37.383;5561280;56;1;1:32.090;211.566;1
24969;1052;846;1;Bahrain;28/3/2021;4;7;4;4;4;12;0;56;+46.466;5570363;38;6;1:34.396;206.398;1
24970;1052;815;9;Bahrain;28/3/2021;11;0;5;5;5;10;0;56;+52.047;5575944;44;3;1:33.970;207.334;1
24971;1052;844;6;Bahrain;28/3/2021;16;4;6;6;6;8;0;56;+59.090;5582987;39;11;1:34.988;205.112;1
24972;1052;817;1;Bahrain;28/3/2021;3;6;7;7;7;6;0;56;+66.004;5589901;36;10;1:34.932;205.233;1
24973;1052;832;6;Bahrain;28/3/2021;55;8;8;8;8;4;0;56;+67.100;5590997;48;7;1:34.509;206.151;1
24974;1052;852;213;Bahrain;28/3/2021;22;13;9;9;9;2;0;56;+85.692;5609589;38;8;1:34.761;205.603;1
24975;1052;840;117;Bahrain;28/3/2021;18;10;10;10;10;1;0;56;+86.713;5610610;31;9;1:34.865;205.378;1
24976;1052;8;51;Bahrain;28/3/2021;7;14;11;11;11;0;0;56;+88.864;5612761;45;14;1:35.192;204.672;1
24977;1052;841;51;Bahrain;28/3/2021;99;12;12;12;12;0;0;55;\N;\N;32;13;1:35.122;204.823;11
24978;1052;839;214;Bahrain;28/3/2021;31;16;13;13;13;0;0;55;\N;\N;33;15;1:35.250;204.548;11
24979;1052;847;3;Bahrain;28/3/2021;63;15;14;14;14;0;0;55;\N;\N;40;12;1:35.036;205.008;11
24980;1052;20;117;Bahrain;28/3/2021;5;20;15;15;15;0;0;55;\N;\N;26;16;1:35.566;203.871;11
24981;1052;854;210;Bahrain;28/3/2021;47;18;16;16;16;0;0;55;\N;\N;38;18;1:36.134;202.667;11
24982;1052;842;213;Bahrain;28/3/2021;10;5;17;17;17;0;0;52;\N;\N;48;5;1:34.090;207.069;31
24983;1052;849;3;Bahrain;28/3/2021;6;17;18;18;18;0;0;51;\N;\N;16;19;1:36.602;201.685;31
24984;1052;4;214;Bahrain;28/3/2021;14;9;\N;R;19;0;0;32;\N;\N;31;17;1:36.063;202.816;23
24985;1052;853;210;Bahrain;28/3/2021;9;19;\N;R;20;0;0;0;\N;\N;\N;0;\N;\N;3
24987;1053;1;131;Emilia Romagna;18/4/2021;44;1;2;2;2;19;44;63;+22.000;7376598;60;1;1:16.702;230.403;1
24986;1053;830;9;Emilia Romagna;18/4/2021;33;3;1;1;1;25;43;63;2:02:34.598;7354598;60;2;1:17.524;227.960;1
24988;1053;846;1;Emilia Romagna;18/4/2021;4;7;3;3;3;15;0;63;+23.702;7378300;63;3;1:18.259;225.819;1
24989;1053;844;6;Emilia Romagna;18/4/2021;16;4;4;4;4;12;0;63;+25.579;7380177;60;6;1:18.379;225.473;1
24990;1053;832;6;Emilia Romagna;18/4/2021;55;11;5;5;5;10;0;63;+27.036;7381634;60;7;1:18.490;225.154;1
24991;1053;817;1;Emilia Romagna;18/4/2021;3;6;6;6;6;8;0;63;+51.220;7405818;54;12;1:19.341;222.739;1
24992;1053;842;213;Emilia Romagna;18/4/2021;10;5;7;7;7;6;0;63;+52.818;7407416;52;9;1:18.994;223.718;1
24993;1053;840;117;Emilia Romagna;18/4/2021;18;10;8;8;8;4;0;63;+56.909;7411507;59;8;1:18.782;224.320;1
24994;1053;839;214;Emilia Romagna;18/4/2021;31;9;9;9;9;2;0;63;+65.704;7420302;62;15;1:19.422;222.512;1
24995;1053;4;214;Emilia Romagna;18/4/2021;14;15;10;10;10;1;0;63;+66.561;7421159;62;14;1:19.417;222.526;1
24996;1053;815;9;Emilia Romagna;18/4/2021;11;2;11;11;11;0;0;63;+67.151;7421749;62;13;1:19.396;222.585;1
24997;1053;852;213;Emilia Romagna;18/4/2021;22;20;12;12;12;0;0;63;+73.184;7427782;49;4;1:18.334;225.603;1
24998;1053;8;51;Emilia Romagna;18/4/2021;7;16;13;13;13;0;0;63;+94.773;7449371;62;5;1:18.353;225.548;1
24999;1053;841;51;Emilia Romagna;18/4/2021;99;17;14;14;14;0;0;62;\N;\N;57;16;1:19.470;222.378;11
25000;1053;20;117;Emilia Romagna;18/4/2021;5;0;15;15;15;0;0;61;\N;\N;59;10;1:19.074;223.491;6
25001;1053;854;210;Emilia Romagna;18/4/2021;47;18;16;16;16;0;0;61;\N;\N;58;11;1:19.193;223.156;12
25002;1053;853;210;Emilia Romagna;18/4/2021;9;19;17;17;17;0;0;61;\N;\N;55;17;1:20.402;219.800;12
25003;1053;822;131;Emilia Romagna;18/4/2021;77;8;\N;R;18;0;0;30;\N;\N;30;19;1:28.485;199.721;4
25004;1053;847;3;Emilia Romagna;18/4/2021;63;12;\N;R;19;0;0;30;\N;\N;28;18;1:26.543;204.203;4
25005;1053;849;3;Emilia Romagna;18/4/2021;6;14;\N;R;20;0;0;0;\N;\N;\N;0;\N;\N;4
25007;1054;830;9;Portugal;2/5/2021;33;3;2;2;2;18;61;66;+29.148;5700569;62;3;1:20.695;207.581;1
25006;1054;1;131;Portugal;2/5/2021;44;2;1;1;1;25;69;66;1:34:31.421;5671421;47;4;1:20.933;206.971;1
25008;1054;822;131;Portugal;2/5/2021;77;1;3;3;3;16;;66;+33.530;5704951;65;1;1:19.865;209.738;1
25009;1054;815;9;Portugal;2/5/2021;11;4;4;4;4;12;;66;+39.735;5711156;55;2;1:20.643;207.715;1
25010;1054;846;1;Portugal;2/5/2021;4;7;5;5;5;10;;66;+51.369;5722790;55;7;1:21.696;205.038;1
25011;1054;844;6;Portugal;2/5/2021;16;8;6;6;6;8;;66;+55.781;5727202;63;6;1:21.496;205.541;1
25012;1054;839;214;Portugal;2/5/2021;31;6;7;7;7;6;;66;+1:03.749;5735170;34;8;1:21.886;204.562;1
25013;1054;4;214;Portugal;2/5/2021;14;13;8;8;8;4;;66;+1:04.808;5673229;66;5;1:21.032;206.718;1
25014;1054;817;1;Portugal;2/5/2021;3;16;9;9;9;2;;66;+1:15.369;5746790;64;10;1:21.987;204.310;1
25015;1054;842;213;Portugal;2/5/2021;10;9;10;10;10;1;;66;+1:16.463;5747884;65;11;1:22.014;204.243;1
25016;1054;832;6;Portugal;2/5/2021;55;5;11;11;11;0;;66;+1:18.955;5750376;60;14;1:22.325;203.471;1
25017;1054;841;51;Portugal;2/5/2021;99;12;12;12;12;0;;65;\N;\N;60;13;1:22.167;203.862;11
25018;1054;20;117;Portugal;2/5/2021;5;10;13;13;13;0;;65;\N;\N;60;15;1:22.416;203.246;11
25019;1054;840;117;Portugal;2/5/2021;18;17;14;14;14;0;;65;\N;\N;59;9;1:21.970;204.352;11
25020;1054;852;213;Portugal;2/5/2021;22;14;15;15;15;0;;65;\N;\N;61;12;1:22.058;204.133;11
25021;1054;847;3;Portugal;2/5/2021;63;11;16;16;16;0;;65;\N;\N;60;16;1:22.654;202.661;11
25022;1054;854;210;Portugal;2/5/2021;47;19;17;17;17;0;;64;\N;\N;61;17;1:22.755;202.414;12
25023;1054;849;3;Portugal;2/5/2021;6;18;18;18;18;0;;64;\N;\N;60;18;1:23.155;201.440;12
25024;1054;853;210;Portugal;2/5/2021;9;20;19;19;19;0;;64;\N;\N;64;19;1:23.641;200.270;12
25025;1054;8;51;Portugal;2/5/2021;7;15;\N;R;20;0;;1;\N;\N;\N;0;\N;\N;130
25026;1055;1;131;Spain;9/5/2021;44;1;1;1;1;25;94;66;1:33:07.680;5587680;54;5;1:20.665;208.640;1
25027;1055;830;9;Spain;9/5/2021;33;2;2;2;2;19;80;66;+15.841;5603521;62;1;1:18.149;215.357;1
25028;1055;822;131;Spain;9/5/2021;77;3;3;3;3;15;;66;+26.610;5614290;65;2;1:19.430;211.884;1
25029;1055;844;6;Spain;9/5/2021;16;4;4;4;4;12;;66;+54.616;5642296;64;4;1:20.459;209.174;1
25030;1055;815;9;Spain;9/5/2021;11;8;5;5;5;10;;66;+1:03.671;5651351;60;3;1:19.483;211.743;1
25031;1055;817;1;Spain;9/5/2021;3;7;6;6;6;8;;66;+1:13.768;5661448;60;10;1:21.853;205.612;1
25032;1055;832;6;Spain;9/5/2021;55;6;7;7;7;6;;66;+1:14.670;5662350;53;9;1:21.568;206.330;1
25033;1055;846;1;Spain;9/5/2021;4;9;8;8;8;4;;65;\N;\N;56;7;1:21.279;207.064;11
25034;1055;839;214;Spain;9/5/2021;31;5;9;9;9;2;;65;\N;\N;46;18;1:23.311;202.014;11
25035;1055;842;213;Spain;9/5/2021;10;12;10;10;10;1;;65;\N;\N;64;8;1:21.375;206.820;11
25036;1055;840;117;Spain;9/5/2021;18;11;11;11;11;0;;65;\N;\N;47;11;1:22.607;203.735;11
25037;1055;8;51;Spain;9/5/2021;7;17;12;12;12;0;;65;\N;\N;54;15;1:22.868;203.094;11
25038;1055;20;117;Spain;9/5/2021;5;13;13;13;13;0;;65;\N;\N;56;14;1:22.820;203.211;11
25039;1055;847;3;Spain;9/5/2021;63;15;14;14;14;0;;65;\N;\N;30;17;1:23.208;202.264;11
25040;1055;841;51;Spain;9/5/2021;99;14;15;15;15;0;;65;\N;\N;42;13;1:22.802;203.255;11
25041;1055;849;3;Spain;9/5/2021;6;19;16;16;16;0;;65;\N;\N;57;16;1:22.905;203.003;11
25042;1055;4;214;Spain;9/5/2021;14;10;17;17;17;0;;65;\N;\N;63;6;1:21.182;207.311;11
25043;1055;854;210;Spain;9/5/2021;47;18;18;18;18;0;;64;\N;\N;54;12;1:22.637;203.661;12
25044;1055;853;210;Spain;9/5/2021;9;20;19;19;19;0;;64;\N;\N;45;19;1:24.040;200.261;12
25045;1055;852;213;Spain;9/5/2021;22;16;\N;R;20;0;;6;\N;\N;5;20;1:24.825;198.408;10
25052;1056;1;131;Monaco;23/5/2021;44;7;7;7;7;7;101;78;+1:08.231;6005051;69;1;1:12.909;164.769;1
25046;1056;830;9;Monaco;23/5/2021;33;2;1;1;1;25;105;78;1:38:56.820;5936820;58;6;1:14.649;160.929;1
25047;1056;832;6;Monaco;23/5/2021;55;4;2;2;2;18;;78;+8.968;5945788;35;5;1:14.621;160.989;1
25048;1056;846;1;Monaco;23/5/2021;4;5;3;3;3;15;;78;+19.427;5956247;76;7;1:14.670;160.883;1
25049;1056;815;9;Monaco;23/5/2021;11;9;4;4;4;12;;78;+20.490;5957310;32;3;1:14.552;161.138;1
25050;1056;20;117;Monaco;23/5/2021;5;8;5;5;5;10;;78;+52.591;5989411;33;11;1:15.316;159.503;1
25051;1056;842;213;Monaco;23/5/2021;10;6;6;6;6;8;;78;+53.896;5990716;71;14;1:15.412;159.300;1
25053;1056;840;117;Monaco;23/5/2021;18;13;8;8;8;4;;77;\N;\N;74;8;1:14.674;160.875;11
25054;1056;839;214;Monaco;23/5/2021;31;11;9;9;9;2;;77;\N;\N;41;12;1:15.316;159.503;11
25055;1056;841;51;Monaco;23/5/2021;99;10;10;10;10;1;;77;\N;\N;41;13;1:15.331;159.472;11
25056;1056;8;51;Monaco;23/5/2021;7;14;11;11;11;0;;77;\N;\N;55;9;1:14.971;160.237;11
25057;1056;817;1;Monaco;23/5/2021;3;12;12;12;12;0;;77;\N;\N;43;4;1:14.578;161.082;11
25058;1056;4;214;Monaco;23/5/2021;14;17;13;13;13;0;;77;\N;\N;70;10;1:15.026;160.120;11
25059;1056;847;3;Monaco;23/5/2021;63;15;14;14;14;0;;77;\N;\N;59;15;1:15.539;159.033;11
25060;1056;849;3;Monaco;23/5/2021;6;18;15;15;15;0;;77;\N;\N;66;16;1:15.573;158.961;11
25061;1056;852;213;Monaco;23/5/2021;22;16;16;16;16;0;;77;\N;\N;66;2;1:14.037;162.259;11
25062;1056;853;210;Monaco;23/5/2021;9;19;17;17;17;0;;75;\N;\N;64;19;1:16.866;156.287;13
25063;1056;854;210;Monaco;23/5/2021;47;20;18;18;18;0;;75;\N;\N;51;18;1:16.425;157.189;13
25064;1056;822;131;Monaco;23/5/2021;77;3;\N;R;19;0;;29;\N;\N;18;17;1:15.706;158.682;61
25065;1056;844;6;Monaco;23/5/2021;16;1;\N;W;20;0;;0;\N;\N;\N;0;\N;\N;30
25083;1057;830;9;Azerbaijan ;6/6/2021;33;3;\N;R;18;0;105;45;\N;\N;44;1;1:44.481;206.839;3
25080;1057;1;131;Azerbaijan ;6/6/2021;44;2;15;15;15;0;101;51;+17.668;8034078;43;3;1:44.769;206.270;1
25066;1057;815;9;Azerbaijan ;6/6/2021;11;6;1;1;1;25;;51;2:13:36.410;8016410;45;2;1:44.687;206.432;1
25067;1057;20;117;Azerbaijan ;6/6/2021;5;11;2;2;2;18;;51;+1.385;8017795;41;4;1:44.890;206.032;1
25068;1057;842;213;Azerbaijan ;6/6/2021;10;4;3;3;3;15;;51;+2.762;8019172;44;6;1:45.220;205.386;1
25069;1057;844;6;Azerbaijan ;6/6/2021;16;1;4;4;4;12;;51;+3.828;8020238;46;8;1:45.382;205.071;1
25070;1057;846;1;Azerbaijan ;6/6/2021;4;9;5;5;5;10;;51;+4.754;8021164;41;7;1:45.326;205.180;1
25071;1057;4;214;Azerbaijan ;6/6/2021;14;8;6;6;6;8;;51;+6.382;8022792;42;11;1:45.624;204.601;1
25072;1057;852;213;Azerbaijan ;6/6/2021;22;7;7;7;7;6;;51;+6.624;8023034;46;5;1:44.939;205.936;1
25073;1057;832;6;Azerbaijan ;6/6/2021;55;5;8;8;8;4;;51;+7.709;8024119;42;13;1:45.700;204.454;1
25074;1057;817;1;Azerbaijan ;6/6/2021;3;13;9;9;9;2;;51;+8.874;8025284;43;14;1:45.713;204.428;1
25075;1057;8;51;Azerbaijan ;6/6/2021;7;14;10;10;10;1;;51;+9.576;8025986;43;10;1:45.601;204.645;1
25076;1057;841;51;Azerbaijan ;6/6/2021;99;20;11;11;11;0;;51;+10.254;8026664;44;9;1:45.575;204.696;1
25077;1057;822;131;Azerbaijan ;6/6/2021;77;10;12;12;12;0;;51;+11.264;8027674;43;12;1:45.665;204.521;1
25078;1057;854;210;Azerbaijan ;6/6/2021;47;17;13;13;13;0;;51;+14.241;8030651;41;18;1:47.624;200.799;1
25079;1057;853;210;Azerbaijan ;6/6/2021;9;18;14;14;14;0;;51;+14.315;8030725;40;19;1:47.747;200.569;1
25081;1057;849;3;Azerbaijan ;6/6/2021;6;16;16;16;16;0;;51;+43.379;8059789;42;17;1:46.608;202.712;1
25082;1057;847;3;Azerbaijan ;6/6/2021;63;15;\N;R;17;0;;48;\N;\N;43;15;1:45.959;203.954;6
25084;1057;840;117;Azerbaijan ;6/6/2021;18;19;\N;R;19;0;;29;\N;\N;28;16;1:46.207;203.478;3
25085;1057;839;214;Azerbaijan ;6/6/2021;31;12;\N;R;20;0;;3;\N;\N;2;20;1:50.850;194.955;101
25087;1059;1;131;France;20/6/2021;44;2;2;2;2;18;119;53;+2.904;5248674;44;5;1:37.410;215.903;1
25086;1059;830;9;France;20/6/2021;33;1;1;1;1;26;131;53;1:27:25.770;5245770;35;1;1:36.404;218.156;1
25125;1058;842;213;Styria;27/6/2021;10;6;\N;R;20;0;;1;\N;\N;\N;0;\N;\N;4
25106;1058;830;9;Styria;27/6/2021;33;1;1;1;1;25;156;71;1:22:18.925;4938925;68;3;1:08.017;228.542;1
25107;1058;1;131;Styria;27/6/2021;44;2;2;2;2;19;138;71;+35.743;4974668;71;1;1:07.058;231.811;1
25108;1058;822;131;Styria;27/6/2021;77;5;3;3;3;15;;71;+46.907;4985832;43;5;1:08.619;226.537;1
25109;1058;815;9;Styria;27/6/2021;11;4;4;4;4;12;;71;+47.434;4986359;57;2;1:07.894;228.956;1
25110;1058;846;1;Styria;27/6/2021;4;3;5;5;5;10;;70;\N;\N;65;7;1:08.903;225.604;11
25111;1058;832;6;Styria;27/6/2021;55;12;6;6;6;8;;70;\N;\N;64;4;1:08.609;226.570;11
25112;1058;844;6;Styria;27/6/2021;16;7;7;7;7;6;;70;\N;\N;64;6;1:08.738;226.145;11
25113;1058;840;117;Styria;27/6/2021;18;9;8;8;8;4;;70;\N;\N;32;14;1:09.787;222.746;11
25114;1058;4;214;Styria;27/6/2021;14;8;9;9;9;2;;70;\N;\N;61;13;1:09.749;222.867;11
25115;1058;852;213;Styria;27/6/2021;22;11;10;10;10;1;;70;\N;\N;41;11;1:09.650;223.184;11
25116;1058;8;51;Styria;27/6/2021;7;18;11;11;11;0;;70;\N;\N;57;8;1:09.128;224.869;11
25117;1058;20;117;Styria;27/6/2021;5;14;12;12;12;0;;70;\N;\N;64;15;1:09.821;222.637;11
25118;1058;817;1;Styria;27/6/2021;3;13;13;13;13;0;;70;\N;\N;45;9;1:09.305;224.295;11
25119;1058;839;214;Styria;27/6/2021;31;17;14;14;14;0;;70;\N;\N;70;10;1:09.576;223.421;11
25120;1058;841;51;Styria;27/6/2021;99;15;15;15;15;0;;70;\N;\N;39;12;1:09.723;222.950;11
25121;1058;854;210;Styria;27/6/2021;47;19;16;16;16;0;;69;\N;\N;57;16;1:10.005;222.052;12
25122;1058;849;3;Styria;27/6/2021;6;16;17;17;17;0;;68;\N;\N;34;17;1:10.104;221.739;13
25123;1058;853;210;Styria;27/6/2021;9;20;18;18;18;0;;68;\N;\N;39;19;1:10.951;219.092;13
25124;1058;847;3;Styria;27/6/2021;63;10;\N;R;19;0;;36;\N;\N;28;18;1:10.499;220.496;5
25088;1059;815;9;France;20/6/2021;11;4;3;3;3;15;;53;+8.811;5254581;53;2;1:36.693;217.504;1
25089;1059;822;131;France;20/6/2021;77;3;4;4;4;12;;53;+14.618;5260388;19;3;1:36.960;216.905;1
25090;1059;846;1;France;20/6/2021;4;8;5;5;5;10;;53;+1:04.032;5309802;52;6;1:37.425;215.870;1
25091;1059;817;1;France;20/6/2021;3;10;6;6;6;8;;53;+1:15.857;5321627;45;14;1:38.324;213.896;1
25092;1059;842;213;France;20/6/2021;10;6;7;7;7;6;;53;+1:16.596;5322366;44;11;1:38.103;214.378;1
25093;1059;4;214;France;20/6/2021;14;9;8;8;8;4;;53;+1:17.695;5323465;44;7;1:37.646;215.382;1
25094;1059;20;117;France;20/6/2021;5;12;9;9;9;2;;53;+1:19.666;5325436;52;4;1:37.138;216.508;1
25095;1059;840;117;France;20/6/2021;18;19;10;10;10;1;;53;+1:31.946;5337716;44;9;1:37.828;214.981;1
25096;1059;832;6;France;20/6/2021;55;5;11;11;11;0;;53;+1:39.337;5345107;19;18;1:38.931;212.584;1
25097;1059;847;3;France;20/6/2021;63;14;12;12;12;0;;52;\N;\N;52;13;1:38.314;213.918;11
25098;1059;852;213;France;20/6/2021;22;0;13;13;13;0;;52;\N;\N;18;19;1:38.980;212.479;11
25099;1059;839;214;France;20/6/2021;31;11;14;14;14;0;;52;\N;\N;33;15;1:38.645;213.200;11
25100;1059;841;51;France;20/6/2021;99;13;15;15;15;0;;52;\N;\N;36;16;1:38.702;213.077;11
25101;1059;844;6;France;20/6/2021;16;7;16;16;16;0;;52;\N;\N;43;8;1:37.681;215.304;11
25102;1059;8;51;France;20/6/2021;7;17;17;17;17;0;;52;\N;\N;46;10;1:37.992;214.621;11
25103;1059;849;3;France;20/6/2021;6;16;18;18;18;0;;52;\N;\N;50;12;1:38.313;213.920;11
25104;1059;854;210;France;20/6/2021;47;15;19;19;19;0;;52;\N;\N;51;17;1:38.847;212.765;11
25105;1059;853;210;France;20/6/2021;9;18;20;20;20;0;;52;\N;\N;34;20;1:39.317;211.758;11
25126;1060;830;9;Austria;4/7/2021;33;1;1;1;1;26;182;71;1:23:54.543;5034543;62;1;1:06.200;234.815;1
25129;1060;1;131;Austria;4/7/2021;44;4;4;4;4;12;150;71;+46.452;5080995;55;3;1:08.126;228.177;1
25127;1060;822;131;Austria;4/7/2021;77;5;2;2;2;18;;71;+17.973;5052516;52;6;1:08.374;227.349;1
25128;1060;846;1;Austria;4/7/2021;4;2;3;3;3;15;;71;+20.019;5054562;62;10;1:08.471;227.027;1
25130;1060;832;6;Austria;4/7/2021;55;10;5;5;5;10;;71;+57.144;5091687;70;2;1:07.762;229.402;1
25131;1060;815;9;Austria;4/7/2021;11;3;6;6;6;8;;71;+57.915;5092458;55;5;1:08.192;227.956;1
25132;1060;817;1;Austria;4/7/2021;3;13;7;7;7;6;;71;+1:00.395;5094938;56;14;1:08.820;225.876;1
25133;1060;844;6;Austria;4/7/2021;16;12;8;8;8;4;;71;+1:01.195;5095738;55;13;1:08.698;226.277;1
25134;1060;842;213;Austria;4/7/2021;10;6;9;9;9;2;;71;+1:01.844;5096387;54;4;1:08.146;228.110;1
25135;1060;4;214;Austria;4/7/2021;14;14;10;10;10;1;;70;\N;\N;70;7;1:08.405;227.246;11
25136;1060;847;3;Austria;4/7/2021;63;8;11;11;11;0;;70;\N;\N;56;16;1:08.900;225.613;11
25137;1060;852;213;Austria;4/7/2021;22;7;12;12;12;0;;70;\N;\N;54;9;1:08.455;227.080;11
25138;1060;840;117;Austria;4/7/2021;18;9;13;13;13;0;;70;\N;\N;54;12;1:08.659;226.405;11
25139;1060;841;51;Austria;4/7/2021;99;15;14;14;14;0;;70;\N;\N;55;17;1:09.042;225.149;11
25140;1060;8;51;Austria;4/7/2021;7;16;15;15;15;0;;70;\N;\N;69;15;1:08.874;225.699;11
25141;1060;849;3;Austria;4/7/2021;6;18;16;16;16;0;;70;\N;\N;62;11;1:08.520;226.865;11
25142;1060;20;117;Austria;4/7/2021;5;11;17;17;17;0;;69;\N;\N;51;8;1:08.420;227.196;4
25143;1060;854;210;Austria;4/7/2021;47;19;18;18;18;0;;69;\N;\N;56;18;1:09.394;224.007;12
25144;1060;853;210;Austria;4/7/2021;9;20;19;19;19;0;;69;\N;\N;49;19;1:09.757;222.842;12
25145;1060;839;214;Austria;4/7/2021;31;17;\N;R;20;0;;0;\N;\N;\N;0;\N;\N;4
25165;1061;830;9;Great Britain;18/7/2021;33;1;\N;R;20;3;185;0;\N;\N;\N;0;\N;\N;4
25146;1061;1;131;Great Britain;18/7/2021;44;2;1;1;1;27;177;52;1:58:23.284;7103284;45;2;1:29.699;236.430;1
25147;1061;844;6;Great Britain;18/7/2021;16;4;2;2;2;18;;52;+3.871;7107155;45;5;1:30.569;234.159;1
25148;1061;822;131;Great Britain;18/7/2021;77;3;3;3;3;15;;52;+11.125;7114409;45;4;1:30.524;234.275;1
25149;1061;846;1;Great Britain;18/7/2021;4;5;4;4;4;12;;52;+28.573;7131857;44;9;1:31.420;231.979;1
25150;1061;817;1;Great Britain;18/7/2021;3;6;5;5;5;10;;52;+42.624;7145908;51;8;1:31.284;232.325;1
25151;1061;832;6;Great Britain;18/7/2021;55;10;6;6;6;8;;52;+43.454;7146738;51;7;1:31.223;232.480;1
25152;1061;4;214;Great Britain;18/7/2021;14;7;7;7;7;6;;52;+1:12.093;7175377;48;10;1:31.698;231.276;1
25153;1061;840;117;Great Britain;18/7/2021;18;14;8;8;8;4;;52;+1:14.289;7177573;48;12;1:31.992;230.537;1
25154;1061;839;214;Great Britain;18/7/2021;31;9;9;9;9;2;;52;+1:16.162;7179446;48;14;1:32.210;229.992;1
25155;1061;852;213;Great Britain;18/7/2021;22;16;10;10;10;1;;52;+1:22.065;7185349;51;6;1:30.826;233.497;1
25156;1061;842;213;Great Britain;18/7/2021;10;11;11;11;11;0;;52;+1:25.327;7188611;52;3;1:30.266;234.945;1
25157;1061;847;3;Great Britain;18/7/2021;63;12;12;12;12;0;;51;\N;\N;49;13;1:32.049;230.394;11
25158;1061;841;51;Great Britain;18/7/2021;99;15;13;13;13;0;;51;\N;\N;49;15;1:32.346;229.653;11
25159;1061;849;3;Great Britain;18/7/2021;6;17;14;14;14;0;;51;\N;\N;51;16;1:32.477;229.328;11
25160;1061;8;51;Great Britain;18/7/2021;7;13;15;15;15;0;;51;\N;\N;48;11;1:31.895;230.780;11
25161;1061;815;9;Great Britain;18/7/2021;11;0;16;16;16;0;;51;\N;\N;50;1;1:28.617;239.317;11
25162;1061;853;210;Great Britain;18/7/2021;9;19;17;17;17;0;;51;\N;\N;51;18;1:32.909;228.262;11
25163;1061;854;210;Great Britain;18/7/2021;47;18;18;18;18;0;;51;\N;\N;50;17;1:32.862;228.377;11
25164;1061;20;117;Great Britain;18/7/2021;5;8;\N;R;19;0;;40;\N;\N;35;19;1:33.059;227.894;31
25167;1062;1;131;Hungary;1/8/2021;44;1;2;2;2;18;195;70;+2.736;7485935;49;2;1:18.715;200.363;1
25174;1062;830;9;Hungary;1/8/2021;33;3;9;9;9;2;187;70;+1:20.244;7563443;43;4;1:20.945;194.843;1
25166;1062;839;214;Hungary;1/8/2021;31;8;1;1;1;25;;70;2:04:43.199;7483199;54;5;1:21.421;193.704;1
25168;1062;832;6;Hungary;1/8/2021;55;15;3;3;3;15;;70;+15.018;7498217;54;6;1:21.423;193.699;1
25169;1062;4;214;Hungary;1/8/2021;14;9;4;4;4;12;;70;+15.651;7498850;41;3;1:20.359;196.264;1
25170;1062;842;213;Hungary;1/8/2021;10;5;5;5;5;11;;70;+1:03.614;7546813;70;1;1:18.394;201.183;1
25171;1062;852;213;Hungary;1/8/2021;22;16;6;6;6;8;;70;+1:15.803;7559002;43;10;1:22.450;191.286;1
25172;1062;849;3;Hungary;1/8/2021;6;18;7;7;7;6;;70;+1:17.910;7561109;62;14;1:22.831;190.406;1
25173;1062;847;3;Hungary;1/8/2021;63;17;8;8;8;4;;70;+1:19.094;7562293;62;9;1:22.112;192.074;1
25175;1062;8;51;Hungary;1/8/2021;7;13;10;10;10;1;;69;\N;\N;58;8;1:21.518;193.473;11
25176;1062;817;1;Hungary;1/8/2021;3;11;11;11;11;0;;69;\N;\N;58;13;1:22.802;190.473;11
25177;1062;854;210;Hungary;1/8/2021;47;20;12;12;12;0;;69;\N;\N;44;11;1:22.711;190.683;11
25178;1062;841;51;Hungary;1/8/2021;99;0;13;13;13;0;;69;\N;\N;44;12;1:22.736;190.625;11
25179;1062;853;210;Hungary;1/8/2021;9;19;\N;R;14;0;;3;\N;\N;\N;0;\N;\N;4
25180;1062;846;1;Hungary;1/8/2021;4;6;\N;R;15;0;;2;\N;\N;\N;0;\N;\N;4
25181;1062;822;131;Hungary;1/8/2021;77;2;\N;R;16;0;;0;\N;\N;\N;0;\N;\N;4
25182;1062;815;9;Hungary;1/8/2021;11;4;\N;R;17;0;;0;\N;\N;\N;0;\N;\N;4
25183;1062;844;6;Hungary;1/8/2021;16;7;\N;R;18;0;;0;\N;\N;\N;0;\N;\N;4
25184;1062;840;117;Hungary;1/8/2021;18;12;\N;R;19;0;;0;\N;\N;\N;0;\N;\N;4
25185;1062;20;117;Hungary;1/8/2021;5;10;\N;D;20;0;;70;\N;\N;60;7;1:21.459;193.613;2
25188;1063;1;131;Belgium;29/8/2021;44;3;3;3;3;7,5;202,5;1;+2.601;209672;\N;0;\N;\N;1
25186;1063;830;9;Belgium;29/8/2021;33;1;1;1;1;12,5;199,5;1;3:27.071;207071;\N;0;\N;\N;1
25187;1063;847;3;Belgium;29/8/2021;63;2;2;2;2;9;;1;+1.995;209066;\N;0;\N;\N;1
25189;1063;817;1;Belgium;29/8/2021;3;4;4;4;4;6;;1;+4.496;211567;\N;0;\N;\N;1
25190;1063;20;117;Belgium;29/8/2021;5;5;5;5;5;5;;1;+7.479;214550;\N;0;\N;\N;1
25191;1063;842;213;Belgium;29/8/2021;10;6;6;6;6;4;;1;+10.177;217248;\N;0;\N;\N;1
25192;1063;839;214;Belgium;29/8/2021;31;8;7;7;7;3;;1;+11.579;218650;\N;0;\N;\N;1
25193;1063;844;6;Belgium;29/8/2021;16;9;8;8;8;2;;1;+12.608;219679;\N;0;\N;\N;1
25194;1063;849;3;Belgium;29/8/2021;6;10;9;9;9;1;;1;+15.485;222556;\N;0;\N;\N;1
25195;1063;832;6;Belgium;29/8/2021;55;11;10;10;10;5;;1;+16.166;223237;\N;0;\N;\N;1
25196;1063;4;214;Belgium;29/8/2021;14;12;11;11;11;0;;1;+20.590;227661;\N;0;\N;\N;1
25197;1063;822;131;Belgium;29/8/2021;77;13;12;12;12;0;;1;+22.414;229485;\N;0;\N;\N;1
25198;1063;841;51;Belgium;29/8/2021;99;14;13;13;13;0;;1;+24.163;231234;\N;0;\N;\N;1
25199;1063;846;1;Belgium;29/8/2021;4;15;14;14;14;0;;1;+27.110;234181;\N;0;\N;\N;1
25200;1063;852;213;Belgium;29/8/2021;22;16;15;15;15;0;;1;+28.329;235400;\N;0;\N;\N;1
25201;1063;854;210;Belgium;29/8/2021;47;17;16;16;16;0;;1;+29.507;236578;\N;0;\N;\N;1
25202;1063;853;210;Belgium;29/8/2021;9;18;17;17;17;0;;1;+31.993;239064;\N;0;\N;\N;1
25203;1063;8;51;Belgium;29/8/2021;7;0;18;18;18;0;;1;+36.054;243125;\N;0;\N;\N;1
25204;1063;815;9;Belgium;29/8/2021;11;0;19;19;19;0;;1;+38.205;245276;\N;0;\N;\N;1
25205;1063;840;117;Belgium;29/8/2021;18;19;20;20;20;0;;1;+44.108;251179;\N;0;\N;\N;1
25206;1064;830;9;Netherlands;5/9/2021;33;1;1;1;1;25;224,5;72;1:30:05.395;5405395;60;3;1:13.275;209.244;1
25207;1064;1;131;Netherlands;5/9/2021;44;2;2;2;2;19;221,5;72;+20.932;5426327;72;1;1:11.097;215.654;1
25208;1064;822;131;Netherlands;5/9/2021;77;3;3;3;3;15;;72;+56.460;5461855;69;2;1:12.549;211.338;1
25209;1064;842;213;Netherlands;5/9/2021;10;4;4;4;4;12;;71;\N;\N;57;10;1:14.818;204.929;11
25210;1064;844;6;Netherlands;5/9/2021;16;5;5;5;5;10;;71;\N;\N;58;9;1:14.780;205.033;11
25211;1064;4;214;Netherlands;5/9/2021;14;9;6;6;6;8;;71;\N;\N;60;7;1:14.323;206.294;11
25212;1064;832;6;Netherlands;5/9/2021;55;6;7;7;7;6;;71;\N;\N;45;13;1:15.260;203.725;11
25213;1064;815;9;Netherlands;5/9/2021;11;0;8;8;8;4;;71;\N;\N;59;4;1:13.461;208.714;11
25214;1064;839;214;Netherlands;5/9/2021;31;8;9;9;9;2;;71;\N;\N;54;8;1:14.675;205.321;11
25215;1064;846;1;Netherlands;5/9/2021;4;13;10;10;10;1;;71;\N;\N;48;6;1:14.236;206.535;11
25216;1064;817;1;Netherlands;5/9/2021;3;10;11;11;11;0;;71;\N;\N;59;11;1:14.920;204.650;11
25217;1064;840;117;Netherlands;5/9/2021;18;12;12;12;12;0;;70;\N;\N;57;15;1:15.611;202.780;12
25218;1064;20;117;Netherlands;5/9/2021;5;15;13;13;13;0;;70;\N;\N;63;5;1:13.958;207.312;12
25219;1064;841;51;Netherlands;5/9/2021;99;7;14;14;14;0;;70;\N;\N;66;12;1:15.125;204.091;12
25220;1064;9;51;Netherlands;5/9/2021;88;16;15;15;15;0;;70;\N;\N;44;14;1:15.442;203.234;12
25221;1064;849;3;Netherlands;5/9/2021;6;0;16;16;16;0;;70;\N;\N;25;18;1:15.790;202.301;12
25222;1064;847;3;Netherlands;5/9/2021;63;11;17;17;17;0;;69;\N;\N;57;16;1:15.628;202.734;6
25223;1064;854;210;Netherlands;5/9/2021;47;17;18;18;18;0;;69;\N;\N;36;19;1:15.927;201.936;13
25224;1064;852;213;Netherlands;5/9/2021;22;14;\N;R;19;0;;48;\N;\N;44;17;1:15.783;202.319;131
25225;1064;853;210;Netherlands;5/9/2021;9;18;\N;R;20;0;;41;\N;\N;35;20;1:16.066;201.567;9
25243;1065;830;9;Italy;12/9/2021;33;1;\N;R;18;2;226,5;25;\N;\N;25;5;1:25.173;244.852;4
25242;1065;1;131;Italy;12/9/2021;44;4;\N;R;17;0;221,5;25;\N;\N;3;14;1:25.870;242.864;4
25226;1065;817;1;Italy;12/9/2021;3;2;1;1;1;26;;53;1:21:54.365;4914365;53;1;1:24.812;245.894;1
25227;1065;846;1;Italy;12/9/2021;4;3;2;2;2;18;;53;+1.747;4916112;53;3;1:24.971;245.434;1
25228;1065;822;131;Italy;12/9/2021;77;19;3;3;3;15;;53;+4.921;4919286;34;2;1:24.827;245.850;1
25229;1065;844;6;Italy;12/9/2021;16;5;4;4;4;12;;53;+7.309;4921674;53;6;1:25.319;244.433;1
25230;1065;815;9;Italy;12/9/2021;11;8;5;5;5;10;;53;+8.723;4923088;53;4;1:25.156;244.901;1
25231;1065;832;6;Italy;12/9/2021;55;6;6;6;6;8;;53;+10.535;4924900;53;8;1:25.559;243.747;1
25232;1065;840;117;Italy;12/9/2021;18;9;7;7;7;6;;53;+15.804;4930169;52;13;1:25.853;242.912;1
25233;1065;4;214;Italy;12/9/2021;14;10;8;8;8;4;;53;+17.201;4931566;52;7;1:25.472;243.995;1
25234;1065;847;3;Italy;12/9/2021;63;14;9;9;9;2;;53;+19.742;4934107;53;11;1:25.835;242.963;1
25235;1065;839;214;Italy;12/9/2021;31;12;10;10;10;1;;53;+20.868;4935233;53;9;1:25.566;243.727;1
25236;1065;849;3;Italy;12/9/2021;6;13;11;11;11;0;;53;+23.743;4938108;50;16;1:25.953;242.630;1
25237;1065;20;117;Italy;12/9/2021;5;11;12;12;12;0;;53;+24.621;4938986;50;15;1:25.938;242.672;1
25238;1065;841;51;Italy;12/9/2021;99;7;13;13;13;0;;53;+27.216;4941581;50;10;1:25.718;243.295;1
25239;1065;9;51;Italy;12/9/2021;88;17;14;14;14;0;;53;+29.769;4944134;53;12;1:25.849;242.924;1
25240;1065;854;210;Italy;12/9/2021;47;18;15;15;15;0;;53;+51.088;4965453;52;17;1:26.707;240.520;1
25241;1065;853;210;Italy;12/9/2021;9;16;\N;R;16;0;;41;\N;\N;41;18;1:27.202;239.155;131
25244;1065;842;213;Italy;12/9/2021;10;0;\N;R;19;0;;3;\N;\N;2;19;1:29.005;234.310;22
25245;1065;852;213;Italy;12/9/2021;22;0;\N;W;20;0;;0;\N;\N;\N;0;\N;\N;23
25246;1066;1;131;Russia;26/9/2021;44;4;1;1;1;25;246,5;53;1:30:41.001;5441001;43;2;1:37.575;215.760;1
25247;1066;830;9;Russia;26/9/2021;33;20;2;2;2;18;244,5;53;+53.271;5494272;28;5;1:38.396;213.959;1
25248;1066;832;6;Russia;26/9/2021;55;2;3;3;3;15;;53;+1:02.475;5503476;40;12;1:39.294;212.024;1
25249;1066;817;1;Russia;26/9/2021;3;5;4;4;4;12;;53;+1:05.607;5506608;24;9;1:39.124;212.388;1
25250;1066;822;131;Russia;26/9/2021;77;16;5;5;5;10;;53;+1:07.533;5508534;31;3;1:38.216;214.352;1
25251;1066;4;214;Russia;26/9/2021;14;6;6;6;6;8;;53;+1:21.321;5522322;44;6;1:38.686;213.331;1
25252;1066;846;1;Russia;26/9/2021;4;1;7;7;7;7;;53;+1:27.224;5528225;39;1;1:37.423;216.096;1
25253;1066;8;51;Russia;26/9/2021;7;13;8;8;8;4;;53;+1:28.955;5529956;34;16;1:40.289;209.921;1
25254;1066;815;9;Russia;26/9/2021;11;8;9;9;9;2;;53;+1:30.076;5531077;45;10;1:39.215;212.193;1
25255;1066;847;3;Russia;26/9/2021;63;3;10;10;10;1;;53;+1:40.551;5541552;40;18;1:40.596;209.280;1
25256;1066;840;117;Russia;26/9/2021;18;7;11;11;11;0;;53;+1:46.198;5547199;35;17;1:40.464;209.555;1
25257;1066;20;117;Russia;26/9/2021;5;10;12;12;12;0;;52;\N;\N;44;11;1:39.251;212.116;11
25258;1066;842;213;Russia;26/9/2021;10;11;13;13;13;0;;52;\N;\N;35;4;1:38.279;214.214;11
25259;1066;839;214;Russia;26/9/2021;31;9;14;14;14;0;;52;\N;\N;34;19;1:40.598;209.276;11
25260;1066;844;6;Russia;26/9/2021;16;19;15;15;15;0;;52;\N;\N;45;7;1:38.994;212.667;11
25261;1066;841;51;Russia;26/9/2021;99;17;16;16;16;0;;52;\N;\N;39;8;1:39.058;212.530;11
25262;1066;852;213;Russia;26/9/2021;22;12;17;17;17;0;;52;\N;\N;42;13;1:39.960;210.612;11
25263;1066;853;210;Russia;26/9/2021;9;15;18;18;18;0;;51;\N;\N;24;20;1:41.713;206.982;12
25264;1066;849;3;Russia;26/9/2021;6;18;19;19;19;0;;47;\N;\N;42;14;1:40.000;210.528;3
25265;1066;854;210;Russia;26/9/2021;47;14;\N;R;20;0;;32;\N;\N;22;15;1:40.276;209.948;44
25270;1067;1;131;Turkey;10/10/2021;44;11;5;5;5;10;256,5;58;+41.812;5505915;52;10;1:32.763;207.160;1
25267;1067;830;9;Turkey;10/10/2021;33;2;2;2;2;18;262,5;58;+14.584;5478687;53;9;1:32.759;207.169;1
25266;1067;822;131;Turkey;10/10/2021;77;1;1;1;1;26;;58;1:31:04.103;5464103;58;1;1:30.432;212.500;1
25268;1067;815;9;Turkey;10/10/2021;11;6;3;3;3;15;;58;+33.471;5497574;53;4;1:32.459;207.841;1
25269;1067;844;6;Turkey;10/10/2021;16;3;4;4;4;12;;58;+37.814;5501917;57;8;1:32.737;207.218;1
25271;1067;842;213;Turkey;10/10/2021;10;4;6;6;6;8;;58;+44.292;5508395;50;11;1:32.814;207.046;1
25272;1067;846;1;Turkey;10/10/2021;4;7;7;7;7;6;;58;+47.213;5511316;50;3;1:32.446;207.870;1
25273;1067;832;6;Turkey;10/10/2021;55;19;8;8;8;4;;58;+51.526;5515629;49;2;1:31.921;209.057;1
25274;1067;840;117;Turkey;10/10/2021;18;8;9;9;9;2;;58;+1:22.018;5546121;58;6;1:32.608;207.506;1
25275;1067;839;214;Turkey;10/10/2021;31;12;10;10;10;1;;57;\N;\N;24;19;1:34.584;203.171;11
25276;1067;841;51;Turkey;10/10/2021;99;16;11;11;11;0;;57;\N;\N;57;13;1:32.904;206.845;11
25277;1067;8;51;Turkey;10/10/2021;7;17;12;12;12;0;;57;\N;\N;50;5;1:32.586;207.556;11
25278;1067;817;1;Turkey;10/10/2021;3;20;13;13;13;0;;57;\N;\N;34;15;1:33.255;206.067;11
25279;1067;852;213;Turkey;10/10/2021;22;9;14;14;14;0;;57;\N;\N;54;12;1:32.844;206.979;11
25280;1067;847;3;Turkey;10/10/2021;63;13;15;15;15;0;;57;\N;\N;53;16;1:33.399;205.749;11
25281;1067;4;214;Turkey;10/10/2021;14;5;16;16;16;0;;57;\N;\N;55;14;1:33.252;206.073;11
25282;1067;849;3;Turkey;10/10/2021;6;15;17;17;17;0;;57;\N;\N;48;17;1:33.672;205.149;11
25283;1067;20;117;Turkey;10/10/2021;5;10;18;18;18;0;;57;\N;\N;54;7;1:32.730;207.233;11
25284;1067;854;210;Turkey;10/10/2021;47;14;19;19;19;0;;56;\N;\N;52;18;1:34.209;203.980;12
25285;1067;853;210;Turkey;10/10/2021;9;18;20;20;20;0;;56;\N;\N;52;20;1:35.438;201.353;12
25286;1069;830;9;USA;24/10/2021;33;1;1;1;1;25;287,5;56;1:34:36.552;5676552;52;2;1:39.096;200.278;1
25287;1069;1;131;USA;24/10/2021;44;2;2;2;2;19;275,5;56;+1.333;5677885;41;1;1:38.485;201.521;1
25288;1069;815;9;USA;24/10/2021;11;3;3;3;3;15;;56;+42.223;5718775;32;4;1:39.566;199.333;1
25289;1069;844;6;USA;24/10/2021;16;4;4;4;4;12;;56;+52.246;5728798;41;3;1:39.303;199.861;1
25290;1069;817;1;USA;24/10/2021;3;6;5;5;5;10;;56;+1:16.854;5753406;43;8;1:40.345;197.785;1
25291;1069;822;131;USA;24/10/2021;77;9;6;6;6;8;;56;+1:20.128;5756680;41;6;1:40.147;198.176;1
25292;1069;832;6;USA;24/10/2021;55;5;7;7;7;6;;56;+1:23.545;5760097;40;9;1:40.377;197.722;1
25293;1069;846;1;USA;24/10/2021;4;7;8;8;8;4;;56;+1:24.395;5760947;41;7;1:40.228;198.016;1
25294;1069;852;213;USA;24/10/2021;22;10;9;9;9;2;;55;\N;\N;47;13;1:41.151;196.209;11
25295;1069;20;117;USA;24/10/2021;5;18;10;10;10;1;;55;\N;\N;40;10;1:40.481;197.517;11
25296;1069;841;51;USA;24/10/2021;99;12;11;11;11;0;;55;\N;\N;44;12;1:41.145;196.221;11
25297;1069;840;117;USA;24/10/2021;18;13;12;12;12;0;;55;\N;\N;36;14;1:41.189;196.135;11
25298;1069;8;51;USA;24/10/2021;7;15;13;13;13;0;;55;\N;\N;43;15;1:41.340;195.843;11
25299;1069;847;3;USA;24/10/2021;63;20;14;14;14;0;;55;\N;\N;36;11;1:41.120;196.269;11
25300;1069;849;3;USA;24/10/2021;6;14;15;15;15;0;;55;\N;\N;46;17;1:41.818;194.924;11
25301;1069;854;210;USA;24/10/2021;47;16;16;16;16;0;;54;\N;\N;36;16;1:41.395;195.737;12
25302;1069;853;210;USA;24/10/2021;9;17;17;17;17;0;;54;\N;\N;42;20;1:42.886;192.900;12
25303;1069;4;214;USA;24/10/2021;14;19;\N;R;18;0;;49;\N;\N;46;5;1:40.067;198.335;65
25304;1069;839;214;USA;24/10/2021;31;11;\N;R;19;0;;40;\N;\N;28;19;1:42.194;194.207;26
25305;1069;842;213;USA;24/10/2021;10;8;\N;R;20;0;;14;\N;\N;12;18;1:42.015;194.547;22
25306;1070;830;9;Mexico;7/11/2021;33;3;1;1;1;25;312,5;71;1:38:39.086;5919086;52;2;1:18.999;196.134;1
25307;1070;1;131;Mexico;7/11/2021;44;2;2;2;2;18;293,5;71;+16.555;5935641;66;4;1:19.820;194.116;1
25308;1070;815;9;Mexico;7/11/2021;11;4;3;3;3;15;;71;+17.752;5936838;49;3;1:19.468;194.976;1
25309;1070;842;213;Mexico;7/11/2021;10;5;4;4;4;12;;71;+1:03.845;5982931;66;7;1:20.510;192.453;1
25310;1070;844;6;Mexico;7/11/2021;16;8;5;5;5;10;;71;+1:21.037;6000123;63;9;1:20.665;192.083;1
25311;1070;832;6;Mexico;7/11/2021;55;6;6;6;6;8;;70;\N;\N;63;5;1:20.081;193.484;11
25312;1070;20;117;Mexico;7/11/2021;5;9;7;7;7;6;;70;\N;\N;70;6;1:20.460;192.572;11
25313;1070;8;51;Mexico;7/11/2021;7;10;8;8;8;4;;70;\N;\N;63;11;1:20.713;191.969;11
25314;1070;4;214;Mexico;7/11/2021;14;12;9;9;9;2;;70;\N;\N;54;10;1:20.711;191.973;11
25315;1070;846;1;Mexico;7/11/2021;4;18;10;10;10;1;;70;\N;\N;67;8;1:20.617;192.197;11
25316;1070;841;51;Mexico;7/11/2021;99;11;11;11;11;0;;70;\N;\N;68;16;1:21.523;190.061;11
25317;1070;817;1;Mexico;7/11/2021;3;7;12;12;12;0;;70;\N;\N;40;13;1:21.069;191.126;11
25318;1070;839;214;Mexico;7/11/2021;31;19;13;13;13;0;;70;\N;\N;67;14;1:21.348;190.470;11
25319;1070;840;117;Mexico;7/11/2021;18;20;14;14;14;0;;69;\N;\N;61;12;1:20.930;191.454;12
25320;1070;822;131;Mexico;7/11/2021;77;1;15;15;15;0;;69;\N;\N;69;1;1:17.774;199.223;12
25321;1070;847;3;Mexico;7/11/2021;63;16;16;16;16;0;;69;\N;\N;61;18;1:22.016;188.919;12
25322;1070;849;3;Mexico;7/11/2021;6;13;17;17;17;0;;69;\N;\N;66;17;1:21.546;190.008;12
25323;1070;853;210;Mexico;7/11/2021;9;15;18;18;18;0;;68;\N;\N;61;15;1:21.402;190.344;13
25324;1070;854;210;Mexico;7/11/2021;47;14;\N;R;19;0;;0;\N;\N;\N;0;\N;\N;4
25325;1070;852;213;Mexico;7/11/2021;22;17;\N;R;20;0;;0;\N;\N;\N;0;\N;\N;4
25327;1071;830;9;Brazil;14/11/2021;33;2;2;2;2;20;332,5;71;+10.496;5553347;47;3;1:12.486;214.005;1
25326;1071;1;131;Brazil;14/11/2021;44;10;1;1;1;25;318,5;71;1:32:22.851;5542851;46;2;1:11.982;215.503;1
25328;1071;822;131;Brazil;14/11/2021;77;1;3;3;3;15;;71;+13.576;5556427;49;4;1:12.526;213.887;1
25329;1071;815;9;Brazil;14/11/2021;11;4;4;4;4;13;;71;+39.940;5582791;71;1;1:11.010;218.453;1
25330;1071;844;6;Brazil;14/11/2021;16;6;5;5;5;10;;71;+49.517;5592368;61;7;1:12.822;213.018;1
25331;1071;832;6;Brazil;14/11/2021;55;3;6;6;6;8;;71;+51.820;5594671;63;6;1:12.710;213.346;1
25332;1071;842;213;Brazil;14/11/2021;10;7;7;7;7;6;;70;\N;\N;53;8;1:13.227;211.839;11
25333;1071;839;214;Brazil;14/11/2021;31;8;8;8;8;4;;70;\N;\N;48;16;1:14.430;208.415;11
25334;1071;4;214;Brazil;14/11/2021;14;12;9;9;9;2;;70;\N;\N;37;12;1:13.922;209.848;11
25335;1071;846;1;Brazil;14/11/2021;4;5;10;10;10;1;;70;\N;\N;53;10;1:13.761;210.306;11
25336;1071;20;117;Brazil;14/11/2021;5;9;11;11;11;0;;70;\N;\N;69;9;1:13.634;210.668;11
25337;1071;8;51;Brazil;14/11/2021;7;0;12;12;12;0;;70;\N;\N;54;5;1:12.621;213.607;11
25338;1071;847;3;Brazil;14/11/2021;63;17;13;13;13;0;;70;\N;\N;45;15;1:14.355;208.626;11
25339;1071;841;51;Brazil;14/11/2021;99;13;14;14;14;0;;70;\N;\N;44;14;1:14.227;208.985;11
25340;1071;852;213;Brazil;14/11/2021;22;15;15;15;15;0;;70;\N;\N;62;13;1:14.204;209.050;11
25341;1071;849;3;Brazil;14/11/2021;6;16;16;16;16;0;;70;\N;\N;57;18;1:14.616;207.896;11
25342;1071;853;210;Brazil;14/11/2021;9;19;17;17;17;0;;69;\N;\N;36;19;1:14.954;206.958;12
25343;1071;854;210;Brazil;14/11/2021;47;18;18;18;18;0;;69;\N;\N;66;11;1:13.793;210.215;12
25344;1071;817;1;Brazil;14/11/2021;3;11;\N;R;19;0;;49;\N;\N;40;17;1:14.443;208.379;75
25345;1071;840;117;Brazil;14/11/2021;18;14;\N;R;20;0;;47;\N;\N;25;20;1:15.344;205.887;130
25346;1051;1;131;Qatar ;21/11/2021;44;1;1;1;1;25;343,5;57;1:24:28.471;5068471;50;2;1:25.084;227.633;1
25347;1051;830;9;Qatar ;21/11/2021;33;7;2;2;2;19;351,5;57;+25.743;5094214;57;1;1:23.196;232.799;1
25366;1072;1;131;Saudi arabia;5/12/2021;44;1;1;1;1;26;369,5;50;2:06:15.118;7575118;47;1;1:30.734;244.962;1
25367;1072;830;9;Saudi arabia;5/12/2021;33;3;2;2;2;18;369,5;50;+11.825;7586943;35;3;1:31.488;242.943;1
25368;1072;822;131;Saudi arabia;5/12/2021;77;2;3;3;3;15;;50;+27.531;7602649;47;2;1:31.408;243.155;1
25369;1072;839;214;Saudi arabia;5/12/2021;31;9;4;4;4;12;;50;+27.633;7602751;47;6;1:31.797;242.125;1
25370;1072;817;1;Saudi arabia;5/12/2021;3;11;5;5;5;10;;50;+40.121;7615239;43;11;1:32.716;239.725;1
25371;1072;842;213;Saudi arabia;5/12/2021;10;6;6;6;6;8;;50;+41.613;7616731;46;9;1:32.297;240.813;1
25372;1072;844;6;Saudi arabia;5/12/2021;16;4;7;7;7;6;;50;+44.475;7619593;46;4;1:31.601;242.643;1
25373;1072;832;6;Saudi arabia;5/12/2021;55;15;8;8;8;4;;50;+46.606;7621724;37;7;1:31.851;241.983;1
25374;1072;841;51;Saudi arabia;5/12/2021;99;10;9;9;9;2;;50;+58.505;7633623;37;15;1:32.865;239.340;1
25375;1072;846;1;Saudi arabia;5/12/2021;4;7;10;10;10;1;;50;+1:01.358;7636476;49;8;1:31.914;241.817;1
25376;1072;840;117;Saudi arabia;5/12/2021;18;18;11;11;11;0;;50;+1:17.212;7652330;45;14;1:32.804;239.498;1
25377;1072;849;3;Saudi arabia;5/12/2021;6;16;12;12;12;0;;50;+1:23.249;7658367;49;12;1:32.751;239.635;1
25378;1072;4;214;Saudi arabia;5/12/2021;14;13;13;13;13;0;;49;\N;\N;46;5;1:31.633;242.558;11
25379;1072;852;213;Saudi arabia;5/12/2021;22;8;14;14;14;0;;49;\N;\N;44;10;1:32.506;240.269;11
25380;1072;8;51;Saudi arabia;5/12/2021;7;12;15;15;15;0;;49;\N;\N;45;13;1:32.778;239.565;11
25381;1072;20;117;Saudi arabia;5/12/2021;5;17;\N;R;16;0;;44;\N;\N;41;16;1:34.030;236.375;130
25382;1072;815;9;Saudi arabia;5/12/2021;11;5;\N;R;17;0;;14;\N;\N;9;17;1:34.138;236.104;4
25383;1072;853;210;Saudi arabia;5/12/2021;9;20;\N;R;18;0;;14;\N;\N;7;20;1:37.043;229.036;4
25384;1072;847;3;Saudi arabia;5/12/2021;63;14;\N;R;19;0;;14;\N;\N;7;19;1:36.130;231.211;4
25385;1072;854;210;Saudi arabia;5/12/2021;47;19;\N;R;20;0;;8;\N;\N;8;18;1:36.043;231.421;3
25386;1073;830;9;Abu Dhabi;12/12/2021;33;1;1;1;1;26;395,5;58;1:30:17.345;5417345;39;1;1:26.103;220.800;1
25387;1073;1;131;Abu Dhabi;12/12/2021;44;2;2;2;2;18;387,5;58;+2.256;5419601;43;3;1:26.615;219.495;1
25388;1073;832;6;Abu Dhabi;12/12/2021;55;5;3;3;3;15;;58;+5.173;5422518;51;9;1:27.618;216.982;1
25389;1073;852;213;Abu Dhabi;12/12/2021;22;8;4;4;4;12;;58;+5.692;5423037;50;7;1:27.496;217.285;1
25390;1073;842;213;Abu Dhabi;12/12/2021;10;12;5;5;5;10;;58;+6.531;5423876;49;6;1:27.342;217.668;1
25391;1073;822;131;Abu Dhabi;12/12/2021;77;6;6;6;6;8;;58;+7.463;5424808;51;5;1:26.862;218.871;1
25392;1073;846;1;Abu Dhabi;12/12/2021;4;3;7;7;7;6;;58;+59.200;5476545;58;4;1:26.762;219.123;1
25393;1073;4;214;Abu Dhabi;12/12/2021;14;11;8;8;8;4;;58;+1:01.708;5479053;58;8;1:27.607;217.010;1
25394;1073;839;214;Abu Dhabi;12/12/2021;31;9;9;9;9;2;;58;+1:04.026;5481371;58;10;1:28.249;215.431;1
25395;1073;844;6;Abu Dhabi;12/12/2021;16;7;10;10;10;1;;58;+1:06.057;5483402;40;12;1:28.433;214.983;1
25396;1073;20;117;Abu Dhabi;12/12/2021;5;15;11;11;11;0;;58;+1:07.527;5484872;58;11;1:28.303;215.299;1
25397;1073;817;1;Abu Dhabi;12/12/2021;3;10;12;12;12;0;;57;\N;\N;48;14;1:28.723;214.280;11
25398;1073;840;117;Abu Dhabi;12/12/2021;18;13;13;13;13;0;;57;\N;\N;48;13;1:28.567;214.657;11
25399;1073;854;210;Abu Dhabi;12/12/2021;47;19;14;14;14;0;;57;\N;\N;42;17;1:29.457;212.522;11
25400;1073;815;9;Abu Dhabi;12/12/2021;11;4;15;15;15;0;;55;\N;\N;51;2;1:26.419;219.993;5
25401;1073;849;3;Abu Dhabi;12/12/2021;6;16;\N;R;16;0;;50;\N;\N;30;15;1:29.293;212.912;3
25402;1073;841;51;Abu Dhabi;12/12/2021;99;14;\N;R;17;0;;33;\N;\N;33;16;1:29.442;212.557;6
25403;1073;847;3;Abu Dhabi;12/12/2021;63;17;\N;R;18;0;;26;\N;\N;23;19;1:30.647;209.732;6
25404;1073;8;51;Abu Dhabi;12/12/2021;7;18;\N;R;19;0;;25;\N;\N;23;18;1:29.698;211.951;23
25405;1073;853;210;Abu Dhabi;12/12/2021;9;20;\N;W;20;0;;0;\N;\N;\N;0;\N;\N;139
